{"rust": 339.10218286850704, "golang": 321.8512841091493, "haskell": 337.7753369945082, "PHP": 290.63747192813605, "java": 258.6519074915991, "javascript": 276.68916240261836, "Clojure": 320.9398768562115, "Kotlin": 270.09383202099735, "erlang": 229.26923076923077, "ruby": 323.20176513851436, "ocaml": 290.05105105105105, "C_Programming": 322.7193732193732, "csharp": 297.0128155339806, "scala": 383.79239256678284, "Rlanguage": 293.55494505494505, "cpp": 332.84517020908936, "swift": 265.93551252442705, "ObjectiveC": 210.55882352941177, "Python": 263.64576448778917, "perl": 372.9177966101695, "elixir": 258.6768060836502, "lua": 343.75888324873097}