{"elm": 12.316964285714286, "java": 7.609777015437393, "Python": 19.26615064007145, "Rlanguage": 3.8955223880597014, "elixir": 15.879032258064516, "lua": 3.7752808988764044, "csharp": 12.027306967984934, "scala": 14.007894736842106, "haskell": 25.535991140642302, "erlang": 9.232142857142858, "ocaml": 13.273809523809524, "javascript": 12.512582056892779, "Clojure": 18.574404761904763, "Kotlin": 11.717032967032967, "PHP": 8.053008595988539, "perl": 7.437106918238993, "golang": 13.563348416289593, "rust": 29.56511350059737, "swift": 8.123201438848922, "ruby": 10.756559766763848, "C_Programming": 8.431906614785992, "cpp": 21.462351387054163, "ObjectiveC": 2.7948717948717947}