{"elm": {"elm": 1.0, "java": 0.03194103194103194, "Python": 0.07371007371007371, "Rlanguage": 0.002457002457002457, "elixir": 0.051597051597051594, "lua": 0.002457002457002457, "csharp": 0.029484029484029485, "scala": 0.02457002457002457, "haskell": 0.14742014742014742, "erlang": 0.009828009828009828, "ocaml": 0.007371007371007371, "javascript": 0.09828009828009827, "Clojure": 0.036855036855036855, "Kotlin": 0.022113022113022112, "PHP": 0.0171990171990172, "perl": 0.004914004914004914, "golang": 0.0687960687960688, "rust": 0.0687960687960688, "swift": 0.02702702702702703, "ruby": 0.03194103194103194, "C_Programming": 0.022113022113022112, "cpp": 0.022113022113022112, "ObjectiveC": 0.0}, "java": {"elm": 0.005409904286308781, "java": 1.0, "Python": 0.066167290886392, "Rlanguage": 0.0012484394506866417, "elixir": 0.002913025384935497, "lua": 0.0020807324178110697, "csharp": 0.03495630461922597, "scala": 0.037037037037037035, "haskell": 0.016229712858926344, "erlang": 0.0020807324178110697, "ocaml": 0.0020807324178110697, "javascript": 0.06658343736995423, "Clojure": 0.0149812734082397, "Kotlin": 0.05451518934665002, "PHP": 0.020807324178110695, "perl": 0.003745318352059925, "golang": 0.030378693300041615, "rust": 0.03245942571785269, "swift": 0.009987515605493134, "ruby": 0.0149812734082397, "C_Programming": 0.02122347066167291, "cpp": 0.024968789013732832, "ObjectiveC": 0.0}, "Python": {"elm": 0.004194044456871243, "java": 0.022228435621417585, "Python": 1.0, "Rlanguage": 0.004333845938766951, "elixir": 0.0037746400111841184, "lua": 0.0018174192646442052, "csharp": 0.013141339298196561, "scala": 0.004893051866349783, "haskell": 0.013281140780092269, "erlang": 0.0006990074094785405, "ocaml": 0.001677617782748497, "javascript": 0.039424017894589686, "Clojure": 0.004333845938766951, "Kotlin": 0.004333845938766951, "PHP": 0.013560743743883686, "perl": 0.005312456312036908, "golang": 0.02278764154900042, "rust": 0.024325457849853207, "swift": 0.009087096323221026, "ruby": 0.008947294841325318, "C_Programming": 0.014539354117153642, "cpp": 0.01929260450160772, "ObjectiveC": 0.0}, "Rlanguage": {"elm": 0.003067484662576687, "java": 0.009202453987730062, "Python": 0.0950920245398773, "Rlanguage": 1.0, "elixir": 0.006134969325153374, "lua": 0.009202453987730062, "csharp": 0.009202453987730062, "scala": 0.003067484662576687, "haskell": 0.006134969325153374, "erlang": 0.0, "ocaml": 0.0, "javascript": 0.009202453987730062, "Clojure": 0.012269938650306749, "Kotlin": 0.009202453987730062, "PHP": 0.02147239263803681, "perl": 0.006134969325153374, "golang": 0.009202453987730062, "rust": 0.009202453987730062, "swift": 0.009202453987730062, "ruby": 0.015337423312883436, "C_Programming": 0.012269938650306749, "cpp": 0.012269938650306749, "ObjectiveC": 0.0}, "elixir": {"elm": 0.05198019801980198, "java": 0.017326732673267328, "Python": 0.06683168316831684, "Rlanguage": 0.0049504950495049506, "elixir": 1.0, "lua": 0.0049504950495049506, "csharp": 0.019801980198019802, "scala": 0.019801980198019802, "haskell": 0.03712871287128713, "erlang": 0.022277227722772276, "ocaml": 0.012376237623762377, "javascript": 0.07425742574257425, "Clojure": 0.022277227722772276, "Kotlin": 0.022277227722772276, "PHP": 0.034653465346534656, "perl": 0.0049504950495049506, "golang": 0.04455445544554455, "rust": 0.04950495049504951, "swift": 0.0297029702970297, "ruby": 0.06683168316831684, "C_Programming": 0.009900990099009901, "cpp": 0.01485148514851485, "ObjectiveC": 0.0024752475247524753}, "lua": {"elm": 0.006097560975609756, "java": 0.03048780487804878, "Python": 0.07926829268292683, "Rlanguage": 0.018292682926829267, "elixir": 0.012195121951219513, "lua": 1.0, "csharp": 0.042682926829268296, "scala": 0.018292682926829267, "haskell": 0.036585365853658534, "erlang": 0.0, "ocaml": 0.0, "javascript": 0.04878048780487805, "Clojure": 0.03048780487804878, "Kotlin": 0.018292682926829267, "PHP": 0.03048780487804878, "perl": 0.018292682926829267, "golang": 0.054878048780487805, "rust": 0.054878048780487805, "swift": 0.018292682926829267, "ruby": 0.042682926829268296, "C_Programming": 0.06707317073170732, "cpp": 0.06097560975609756, "ObjectiveC": 0.0}, "csharp": {"elm": 0.004758128469468675, "java": 0.03330689928628073, "Python": 0.03727200634417129, "Rlanguage": 0.0011895321173671688, "elixir": 0.0031720856463124504, "lua": 0.0027755749405233942, "csharp": 1.0, "scala": 0.006344171292624901, "haskell": 0.009912767644726407, "erlang": 0.0003965107057890563, "ocaml": 0.0007930214115781126, "javascript": 0.05670103092783505, "Clojure": 0.0019825535289452814, "Kotlin": 0.008326724821570182, "PHP": 0.01506740681998414, "perl": 0.0007930214115781126, "golang": 0.01704996034892942, "rust": 0.020222045995241873, "swift": 0.012688342585249802, "ruby": 0.009912767644726407, "C_Programming": 0.015463917525773196, "cpp": 0.027359238699444885, "ObjectiveC": 0.0007930214115781126}, "scala": {"elm": 0.014347202295552367, "java": 0.12769010043041606, "Python": 0.05021520803443329, "Rlanguage": 0.0014347202295552368, "elixir": 0.011477761836441894, "lua": 0.00430416068866571, "csharp": 0.02295552367288379, "scala": 1.0, "haskell": 0.0703012912482066, "erlang": 0.00430416068866571, "ocaml": 0.00860832137733142, "javascript": 0.05308464849354376, "Clojure": 0.028694404591104734, "Kotlin": 0.03873744619799139, "PHP": 0.010043041606886656, "perl": 0.0028694404591104736, "golang": 0.03730272596843615, "rust": 0.04878048780487805, "swift": 0.014347202295552367, "ruby": 0.01291248206599713, "C_Programming": 0.010043041606886656, "cpp": 0.02295552367288379, "ObjectiveC": 0.0}, "haskell": {"elm": 0.038634900193174504, "java": 0.025112685125563427, "Python": 0.061171925305859624, "Rlanguage": 0.00128783000643915, "elixir": 0.009658725048293626, "lua": 0.0038634900193174502, "csharp": 0.016097875080489377, "scala": 0.031551835157759174, "haskell": 1.0, "erlang": 0.003219575016097875, "ocaml": 0.0180296200901481, "javascript": 0.038634900193174504, "Clojure": 0.019961365099806824, "Kotlin": 0.0103026400515132, "PHP": 0.0128783000643915, "perl": 0.0038634900193174502, "golang": 0.030907920154539602, "rust": 0.09723116548615583, "swift": 0.015453960077269801, "ruby": 0.014810045074050225, "C_Programming": 0.017385705086928525, "cpp": 0.03541532517707663, "ObjectiveC": 0.000643915003219575}, "erlang": {"elm": 0.06779661016949153, "java": 0.0847457627118644, "Python": 0.0847457627118644, "Rlanguage": 0.0, "elixir": 0.15254237288135594, "lua": 0.0, "csharp": 0.01694915254237288, "scala": 0.05084745762711865, "haskell": 0.0847457627118644, "erlang": 1.0, "ocaml": 0.05084745762711865, "javascript": 0.05084745762711865, "Clojure": 0.13559322033898305, "Kotlin": 0.03389830508474576, "PHP": 0.01694915254237288, "perl": 0.03389830508474576, "golang": 0.05084745762711865, "rust": 0.01694915254237288, "swift": 0.01694915254237288, "ruby": 0.05084745762711865, "C_Programming": 0.01694915254237288, "cpp": 0.01694915254237288, "ObjectiveC": 0.0}, "ocaml": {"elm": 0.024193548387096774, "java": 0.04032258064516129, "Python": 0.0967741935483871, "Rlanguage": 0.0, "elixir": 0.04032258064516129, "lua": 0.0, "csharp": 0.016129032258064516, "scala": 0.04838709677419355, "haskell": 0.22580645161290322, "erlang": 0.024193548387096774, "ocaml": 1.0, "javascript": 0.08064516129032258, "Clojure": 0.06451612903225806, "Kotlin": 0.016129032258064516, "PHP": 0.008064516129032258, "perl": 0.016129032258064516, "golang": 0.08870967741935484, "rust": 0.10483870967741936, "swift": 0.03225806451612903, "ruby": 0.016129032258064516, "C_Programming": 0.024193548387096774, "cpp": 0.04032258064516129, "ObjectiveC": 0.0}, "javascript": {"elm": 0.007344840249724568, "java": 0.029379360998898273, "Python": 0.051781123760558205, "Rlanguage": 0.0005508630187293427, "elixir": 0.005508630187293426, "lua": 0.0014689680499449136, "csharp": 0.026257803892765334, "scala": 0.006793977230995226, "haskell": 0.011017260374586852, "erlang": 0.0005508630187293427,