{"PHP": {"PHP": 1.0, "haskell": 0.008220304151253596, "erlang": 0.0004110152075626798, "perl": 0.002877106452938759, "rust": 0.010686395396629675, "ObjectiveC": 0.0, "Python": 0.03986847513357994, "Clojure": 0.002877106452938759, "elixir": 0.005754212905877518, "csharp": 0.015618577887381833, "javascript": 0.09658857377722976, "ocaml": 0.0004110152075626798, "scala": 0.002877106452938759, "swift": 0.011919441019317715, "Rlanguage": 0.002877106452938759, "Kotlin": 0.004521167283189478, "ruby": 0.013563501849568433, "cpp": 0.009864364981504316, "C_Programming": 0.007398273736128237, "golang": 0.031237155774763666, "lua": 0.002055076037813399, "java": 0.02055076037813399}, "haskell": {"PHP": 0.0128783000643915, "haskell": 1.0, "erlang": 0.003219575016097875, "perl": 0.0038634900193174502, "rust": 0.09723116548615583, "ObjectiveC": 0.000643915003219575, "Python": 0.061171925305859624, "Clojure": 0.019961365099806824, "elixir": 0.009658725048293626, "csharp": 0.016097875080489377, "javascript": 0.038634900193174504, "ocaml": 0.0180296200901481, "scala": 0.031551835157759174, "swift": 0.015453960077269801, "Rlanguage": 0.00128783000643915, "Kotlin": 0.0103026400515132, "ruby": 0.014810045074050225, "cpp": 0.03541532517707663, "C_Programming": 0.017385705086928525, "golang": 0.030907920154539602, "lua": 0.0038634900193174502, "java": 0.025112685125563427}, "erlang": {"PHP": 0.01694915254237288, "haskell": 0.0847457627118644, "erlang": 1.0, "perl": 0.03389830508474576, "rust": 0.01694915254237288, "ObjectiveC": 0.0, "Python": 0.0847457627118644, "Clojure": 0.13559322033898305, "elixir": 0.15254237288135594, "csharp": 0.01694915254237288, "javascript": 0.05084745762711865, "ocaml": 0.05084745762711865, "scala": 0.05084745762711865, "swift": 0.01694915254237288, "Rlanguage": 0.0, "Kotlin": 0.03389830508474576, "ruby": 0.05084745762711865, "cpp": 0.01694915254237288, "C_Programming": 0.01694915254237288, "golang": 0.05084745762711865, "lua": 0.0, "java": 0.0847457627118644}, "perl": {"PHP": 0.02456140350877193, "haskell": 0.021052631578947368, "erlang": 0.007017543859649123, "perl": 1.0, "rust": 0.03859649122807018, "ObjectiveC": 0.0, "Python": 0.13333333333333333, "Clojure": 0.08070175438596491, "elixir": 0.007017543859649123, "csharp": 0.007017543859649123, "javascript": 0.07368421052631578, "ocaml": 0.007017543859649123, "scala": 0.007017543859649123, "swift": 0.010526315789473684, "Rlanguage": 0.007017543859649123, "Kotlin": 0.007017543859649123, "ruby": 0.028070175438596492, "cpp": 0.028070175438596492, "C_Programming": 0.03508771929824561, "golang": 0.042105263157894736, "lua": 0.010526315789473684, "java": 0.031578947368421054}, "rust": {"PHP": 0.010073614877954282, "haskell": 0.058504455637349864, "erlang": 0.0003874467260751647, "perl": 0.004261913986826811, "rust": 1.0, "ObjectiveC": 0.0, "Python": 0.06741573033707865, "Clojure": 0.009686168151879117, "elixir": 0.0077489345215032935, "csharp": 0.0197597830298334, "javascript": 0.044556373498643935, "ocaml": 0.005036807438977141, "scala": 0.0131731886865556, "swift": 0.01084850833010461, "Rlanguage": 0.001162340178225494, "Kotlin": 0.008911274699728787, "ruby": 0.01743510267338241, "cpp": 0.054629988376598215, "C_Programming": 0.02169701666020922, "golang": 0.060829135993800854, "lua": 0.003487020534676482, "java": 0.030220844633862844}, "ObjectiveC": {"PHP": 0.0, "haskell": 0.045454545454545456, "erlang": 0.0, "perl": 0.0, "rust": 0.0, "ObjectiveC": 1.0, "Python": 0.0, "Clojure": 0.0, "elixir": 0.045454545454545456, "csharp": 0.09090909090909091, "javascript": 0.045454545454545456, "ocaml": 0.0, "scala": 0.0, "swift": 0.36363636363636365, "Rlanguage": 0.0, "Kotlin": 0.0, "ruby": 0.0, "cpp": 0.13636363636363635, "C_Programming": 0.045454545454545456, "golang": 0.0, "lua": 0.0, "java": 0.0}, "Python": {"PHP": 0.013560743743883686, "haskell": 0.013281140780092269, "erlang": 0.0006990074094785405, "perl": 0.005312456312036908, "rust": 0.024325457849853207, "ObjectiveC": 0.0, "Python": 1.0, "Clojure": 0.004333845938766951, "elixir": 0.0037746400111841184, "csharp": 0.013141339298196561, "javascript": 0.039424017894589686, "ocaml": 0.001677617782748497, "scala": 0.004893051866349783, "swift": 0.009087096323221026, "Rlanguage": 0.004333845938766951, "Kotlin": 0.004333845938766951, "ruby": 0.008947294841325318, "cpp": 0.01929260450160772, "C_Programming": 0.014539354117153642, "golang": 0.02278764154900042, "lua": 0.0018174192646442052, "java": 0.022228435621417585}, "Clojure": {"PHP": 0.011128775834658187, "haskell": 0.0492845786963434, "erlang": 0.012718600953895072, "perl": 0.03656597774244833, "rust": 0.0397456279809221, "ObjectiveC": 0.0, "Python": 0.0492845786963434, "Clojure": 1.0, "elixir": 0.014308426073131956, "csharp": 0.00794912559618442, "javascript": 0.058823529411764705, "ocaml": 0.012718600953895072, "scala": 0.03179650238473768, "swift": 0.011128775834658187, "Rlanguage": 0.006359300476947536, "Kotlin": 0.022257551669316374, "ruby": 0.025437201907790145, "cpp": 0.017488076311605722, "C_Programming": 0.00794912559618442, "golang": 0.022257551669316374, "lua": 0.00794912559618442, "java": 0.057233704292527825}, "elixir": {"PHP": 0.034653465346534656, "haskell": 0.03712871287128713, "erlang": 0.022277227722772276, "perl": 0.0049504950495049506, "rust": 0.04950495049504951, "ObjectiveC": 0.0024752475247524753, "Python": 0.06683168316831684, "Clojure": 0.022277227722772276, "elixir": 1.0, "csharp": 0.019801980198019802, "javascript": 0.07425742574257425, "ocaml": 0.012376237623762377, "scala": 0.019801980198019802, "swift": 0.0297029702970297, "Rlanguage": 0.0049504950495049506, "Kotlin": 0.022277227722772276, "ruby": 0.06683168316831684, "cpp": 0.01485148514851485, "C_Programming": 0.009900990099009901, "golang": 0.04455445544554455, "lua": 0.0049504950495049506, "java": 0.017326732673267328}, "csharp": {"PHP": 0.01506740681998414, "haskell": 0.009912767644726407, "erlang": 0.0003965107057890563, "perl": 0.0007930214115781126, "rust": 0.020222045995241873, "ObjectiveC": 0.0007930214115781126, "Python": 0.03727200634417129, "Clojure": 0.0019825535289452814, "elixir": 0.0031720856463124504, "csharp": 1.0, "javascript": 0.05670103092783505, "ocaml": 0.0007930214115781126, "scala": 0.006344171292624901, "swift": 0.012688342585249802, "Rlanguage": 0.0011895321173671688, "Kotlin": 0.008326724821570182, "ruby": 0.009912767644726407, "cpp": 0.027359238699444885, "C_Programming": 0.015463917525773196, "golang": 0.01704996034892942, "lua": 0.0027755749405233942, "java": 0.03330689928628073}, "javascript": {"PHP": 0.04315093646713184, "haskell": 0.011017260374586852, "erlang": 0.0005508630187293427, "perl": 0.0038560411311053984, "rust": 0.021116415717958133, "ObjectiveC": 0.0001836210062431142, "Python": 0.051781123760558205, "Clojure": 0.006793977230995226, "elixir": 0.005508630187293426, "csharp": 0.026257803892765334, "javascript": 1.0, "ocaml": 0.001836210062431142, "scala": 0.006793977230995226, "swift": 0.008630187293426368, "Rlanguage": 0.0005508630187293427, "Kotlin": 0.00697759823723834, "ruby": 0.017260374586852735, "cpp": 0.011200881380829968, "C_Programming": 0.007528461255967683, "golang": 0.02442159383033419, "lua": 0.0014689680499449136, "java": 0.029379360998898273}, "ocaml": {"PHP": 0.008064516129032258, "haskell": 0.22580645161290322, "erlang": 0.024193548387096774, "perl": 0.016129032258064516, "rust": 0.10483870967741936, "ObjectiveC": 0.0, "Python": 0.0967741935483871, "Clojure": 0.06451612903225806, "elixir": 0.04032258064516129, "csharp": 0.016129032258064516, "javascript": 0.08064516129032258, "ocaml": 1.0, "scala": 0.04838709677419355, "swift": 0.03225806451612903, "Rlanguage": 0.0, "Kotlin": 0.016129032258064516, "ruby": 0.016129032258064516, "cpp": 0.04032258064516129, "C_Programming": 0.024193548387096774, "golang": 0.08870967741935484, "lua": 0.0, "java": 0.04032258064516129}, "scala": {"PHP": 0.010043041606886656, "haskell": 0.0703012912482066, "erlang": 0.00430416068866571,